{"initial_reset_timestamp": 1589807173.8627124, "timestamps": [1589807187.7189229, 1589807223.827907, 1589807256.51107, 1589807267.7280698, 1589807280.4939566], "episode_lengths": [104, 290, 283, 107, 117], "episode_rewards": [-95.04340964304625, 284.4523575140754, 233.4274420457327, -107.01590369539802, -13.413557234308556], "episode_types": ["t", "t", "t", "t", "t"]}